<?xml version="1.0"?>
<b:Sources SelectedStyle="" xmlns:b="http://schemas.openxmlformats.org/officeDocument/2006/bibliography" xmlns="http://schemas.openxmlformats.org/officeDocument/2006/bibliography">
	<b:Source>
		<b:Tag>Cri85</b:Tag>
		<b:SourceType>Legislation</b:SourceType>
		<b:Guid>{A336D754-94AE-4D57-A8F4-4428353037B2}</b:Guid>
		<b:Title>Criminal Code</b:Title>
		<b:Year>1985</b:Year>
		<b:Pages>s 745</b:Pages>
		<b:Chapter>c C-46</b:Chapter>
		<b:Jurisdiction>RSC</b:Jurisdiction>
	</b:Source>
	<b:Source>
		<b:Tag>Gor</b:Tag>
		<b:SourceType>Case</b:SourceType>
		<b:Guid>{867FE239-DE40-4594-9E77-5E7E05127C80}</b:Guid>
		<b:Title>Gordon v Goertz</b:Title>
		<b:Primary>[1996] 2 SCR 27</b:Primary>
		<b:Parallel>134 DLR (4th) 321</b:Parallel>
		<b:Pages>at para 13</b:Pages>
		<b:ShortTitle>Goertz</b:ShortTitle>
	</b:Source>
	<b:Source>
		<b:Tag>Gar19</b:Tag>
		<b:SourceType>Book</b:SourceType>
		<b:Guid>{B6DBB96E-5662-4234-9B5A-6899426C7A73}</b:Guid>
		<b:Author>
			<b:Author>
				<b:NameList>
					<b:Person>
						<b:Last>Spanglett</b:Last>
						<b:First>Gareth</b:First>
					</b:Person>
				</b:NameList>
			</b:Author>
		</b:Author>
		<b:Title>A Leap of Faith</b:Title>
		<b:Year>2019</b:Year>
		<b:City>Ottawa</b:City>
		<b:Publisher>Tellwell</b:Publisher>
		<b:RefOrder>4</b:RefOrder>
		<b:ShortTitle>Faith</b:ShortTitle>
	</b:Source>
	<b:Source>
		<b:Tag>Fis</b:Tag>
		<b:SourceType>Case</b:SourceType>
		<b:Guid>{6AC48FCF-726A-44E7-B857-30D2545D885B}</b:Guid>
		<b:Title>Fisher v Fisher</b:Title>
		<b:Pinpoint>at paras 52-59.</b:Pinpoint>
		<b:Citation>2008 ONCA 11</b:Citation>
		<b:ShortTitle>Fisher</b:ShortTitle>
		<b:RefOrder>5</b:RefOrder>
		<b:Primary>2019 ONCA 567</b:Primary>
	</b:Source>
	<b:Source>
		<b:Tag>Jim68</b:Tag>
		<b:SourceType>SoundRecording</b:SourceType>
		<b:Guid>{15F64BBD-7AB5-41F9-83FA-0BE8760F4556}</b:Guid>
		<b:Title>All Along the Watchtower</b:Title>
		<b:Year>1968</b:Year>
		<b:Author>
			<b:Composer>
				<b:NameList>
					<b:Person>
						<b:Last>Hendrix</b:Last>
						<b:First>Jimi</b:First>
					</b:Person>
				</b:NameList>
			</b:Composer>
			<b:Performer>
				<b:NameList>
					<b:Person>
						<b:Last>Experience</b:Last>
						<b:First>Jimi</b:First>
						<b:Middle>Hendrix and the</b:Middle>
					</b:Person>
				</b:NameList>
			</b:Performer>
			<b:Artist>
				<b:NameList>
					<b:Person>
						<b:Last>Experience</b:Last>
						<b:First>Jimi</b:First>
						<b:Middle>Hendrix and the</b:Middle>
					</b:Person>
				</b:NameList>
			</b:Artist>
		</b:Author>
		<b:AlbumTitle>Elecric Ladyland</b:AlbumTitle>
		<b:ProductionCompany>Acme Records</b:ProductionCompany>
		<b:Medium>Vinyl</b:Medium>
	</b:Source>
	<b:Source>
		<b:Tag>Han15</b:Tag>
		<b:SourceType>JournalArticle</b:SourceType>
		<b:Guid>{E5E36398-3261-4497-967E-FCA13F4F7045}</b:Guid>
		<b:Title>Facing up to Diversity? Transparency and the Reform of Commonwealth Judicial Appointments 2008-13</b:Title>
		<b:JournalName>Sydney Law Review</b:JournalName>
		<b:Year>2015</b:Year>
		<b:Pages>188-215</b:Pages>
		<b:Author>
			<b:Author>
				<b:NameList>
					<b:Person>
						<b:Last>Handsley</b:Last>
						<b:First>Elizabeth</b:First>
					</b:Person>
					<b:Person>
						<b:Last>Lynch</b:Last>
						<b:First>Andrew</b:First>
					</b:Person>
				</b:NameList>
			</b:Author>
		</b:Author>
		<b:Volume>37</b:Volume>
		<b:Issue>187</b:Issue>
		<b:RefOrder>1</b:RefOrder>
		<b:ShortTitle>A REALLY SHORT TITLE</b:ShortTitle>
	</b:Source>
	<b:Source>
		<b:Tag>Laj95</b:Tag>
		<b:SourceType>Book</b:SourceType>
		<b:Guid>{BB14E055-CBAE-458E-A1A5-E0515502E34F}</b:Guid>
		<b:Title>Pouvoir disciplinaire et tests de depistage de drogue en milieu du travail</b:Title>
		<b:Year>1995</b:Year>
		<b:City>Cowansville, Que</b:City>
		<b:Publisher>Yvon Blais</b:Publisher>
		<b:Author>
			<b:Author>
				<b:NameList>
					<b:Person>
						<b:Last>Lajoie</b:Last>
						<b:First>Andree</b:First>
					</b:Person>
				</b:NameList>
			</b:Author>
		</b:Author>
	</b:Source>
	<b:Source>
		<b:Tag>Pre01</b:Tag>
		<b:SourceType>JournalArticle</b:SourceType>
		<b:Guid>{35CC5DBE-6DC7-4C7C-8703-6305DFA33835}</b:Guid>
		<b:Title>La fiscalite locale au Quebec: de la cohabitation au refuge fiscal</b:Title>
		<b:Year>2001</b:Year>
		<b:JournalName>McGill LJ</b:JournalName>
		<b:Pages>713</b:Pages>
		<b:Volume>46</b:Volume>
		<b:Issue>3</b:Issue>
		<b:Author>
			<b:Author>
				<b:NameList>
					<b:Person>
						<b:Last>Premont</b:Last>
						<b:First>Marie-Claude</b:First>
					</b:Person>
				</b:NameList>
			</b:Author>
		</b:Author>
	</b:Source>
	<b:Source>
		<b:Tag>LNA99</b:Tag>
		<b:SourceType>Book</b:SourceType>
		<b:Guid>{F5C89BC9-3548-42DF-A40C-DAB817E679FD}</b:Guid>
		<b:Title>Full Book Title</b:Title>
		<b:Year>1999</b:Year>
		<b:City>Ottawa</b:City>
		<b:Publisher>Acme Publishing</b:Publisher>
		<b:Author>
			<b:Author>
				<b:NameList>
					<b:Person>
						<b:Last>LNAuthor</b:Last>
						<b:Middle>MNAuthor</b:Middle>
						<b:First>FNAuthor</b:First>
					</b:Person>
				</b:NameList>
			</b:Author>
			<b:Editor>
				<b:NameList>
					<b:Person>
						<b:Last>LNEditor</b:Last>
						<b:Middle>MNEditor</b:Middle>
						<b:First>FNEditor</b:First>
					</b:Person>
				</b:NameList>
			</b:Editor>
		</b:Author>
		<b:StateProvince>ON</b:StateProvince>
		<b:CountryRegion>Canada</b:CountryRegion>
		<b:ShortTitle>Short Book Title</b:ShortTitle>
	</b:Source>
	<b:Source>
		<b:Tag>Cha</b:Tag>
		<b:SourceType>Legislation</b:SourceType>
		<b:Guid>{F8847595-CB71-454F-9A72-507287213C58}</b:Guid>
		<b:Title>Charter of Human Rights and Freedoms</b:Title>
		<b:Chapter>C-12</b:Chapter>
		<b:RefOrder>7</b:RefOrder>
		<b:Jurisdiction>CQLR</b:Jurisdiction>
	</b:Source>
	<b:Source>
		<b:Tag>Inc85</b:Tag>
		<b:SourceType>Legislation</b:SourceType>
		<b:Guid>{8DC5F0CC-4E61-455E-BAD5-348C589FAACF}</b:Guid>
		<b:Title>Income Tax Act</b:Title>
		<b:Year>1985</b:Year>
		<b:Chapter>c 1 (5th Supp)</b:Chapter>
		<b:Jurisdiction>RSC</b:Jurisdiction>
	</b:Source>
	<b:Source>
		<b:Tag>Chr11</b:Tag>
		<b:SourceType>Book</b:SourceType>
		<b:Guid>{FB35C64A-D6D8-4ABB-BB91-506CA0CEE47B}</b:Guid>
		<b:Title>United States International Taxation</b:Title>
		<b:Year>2011</b:Year>
		<b:Publisher>Lexis-Nexis</b:Publisher>
		<b:Edition>2nd ed</b:Edition>
		<b:Author>
			<b:Author>
				<b:NameList>
					<b:Person>
						<b:Last>Christians</b:Last>
						<b:First>Allison</b:First>
					</b:Person>
					<b:Person>
						<b:Last>Donaldson</b:Last>
						<b:Middle>A</b:Middle>
						<b:First>Samuel</b:First>
					</b:Person>
					<b:Person>
						<b:Last>Postlewaite</b:Last>
						<b:Middle>F</b:Middle>
						<b:First>Philip</b:First>
					</b:Person>
				</b:NameList>
			</b:Author>
		</b:Author>
	</b:Source>
	<b:Source>
		<b:Tag>Cry10</b:Tag>
		<b:SourceType>Book</b:SourceType>
		<b:Guid>{6F8733DA-F23A-483F-AE64-651688DB0459}</b:Guid>
		<b:Title>An Introduction to International Criminal Law and Procedure</b:Title>
		<b:Year>2010</b:Year>
		<b:City>Cambridge</b:City>
		<b:Publisher>Cambridge University Press</b:Publisher>
		<b:Edition>2nd</b:Edition>
		<b:Author>
			<b:Author>
				<b:NameList>
					<b:Person>
						<b:Last>Cryer</b:Last>
						<b:First>Robert</b:First>
					</b:Person>
					<b:Person>
						<b:Last>1</b:Last>
						<b:First>2</b:First>
					</b:Person>
					<b:Person>
						<b:Last>3</b:Last>
						<b:First>4</b:First>
					</b:Person>
					<b:Person>
						<b:Last>5</b:Last>
						<b:First>6</b:First>
					</b:Person>
					<b:Person>
						<b:Last>7</b:Last>
						<b:First>8</b:First>
					</b:Person>
					<b:Person>
						<b:Last>9</b:Last>
						<b:First>10</b:First>
					</b:Person>
					<b:Person>
						<b:Last>11</b:Last>
						<b:First>12</b:First>
					</b:Person>
					<b:Person>
						<b:Last>13</b:Last>
						<b:First>14</b:First>
					</b:Person>
					<b:Person>
						<b:Last>15</b:Last>
						<b:First>16</b:First>
					</b:Person>
				</b:NameList>
			</b:Author>
		</b:Author>
		<b:RefOrder>12</b:RefOrder>
	</b:Source>
	<b:Source>
		<b:Tag>Alm</b:Tag>
		<b:SourceType>Case</b:SourceType>
		<b:Guid>{D4B8A496-1DA4-4FFB-A975-14BA372F71EF}</b:Guid>
		<b:Title>Almad Investments Ltd v Mister Leonard Holding Ltd</b:Title>
		<b:Primary>1996 CarswellOnt 4402 (WL Can)</b:Primary>
		<b:Parallel>[1996] OJ No 870</b:Parallel>
		<b:ShortTitle>Almad</b:ShortTitle>
		<b:Medium>QL</b:Medium>
		<b:RefOrder>9</b:RefOrder>
		<b:Court>Ont Ct J (Gen Div)</b:Court>
		<b:Publisher>QL</b:Publisher>
		<b:Year>1995</b:Year>
	</b:Source>
	<b:Source>
		<b:Tag>Spa19</b:Tag>
		<b:SourceType>InternetSite</b:SourceType>
		<b:Guid>{8E60A29F-6CEF-42B0-9CEE-FB279CB125B9}</b:Guid>
		<b:Title>McGill and Ms Word</b:Title>
		<b:Year>2019</b:Year>
		<b:InternetSiteTitle>Gareth's Website</b:InternetSiteTitle>
		<b:Month>08</b:Month>
		<b:Day>01</b:Day>
		<b:YearAccessed>2019</b:YearAccessed>
		<b:MonthAccessed>09</b:MonthAccessed>
		<b:DayAccessed>08</b:DayAccessed>
		<b:URL>https://gihub.com/gspanglett</b:URL>
		<b:Author>
			<b:Author>
				<b:NameList>
					<b:Person>
						<b:Last>Spanglett</b:Last>
						<b:First>Gareth</b:First>
					</b:Person>
				</b:NameList>
			</b:Author>
		</b:Author>
	</b:Source>
	<b:Source>
		<b:Tag>Fei83</b:Tag>
		<b:SourceType>LegalJournalArticle</b:SourceType>
		<b:Guid>{28202D2E-A9F6-4328-8A32-762FC1DF8AA9}</b:Guid>
		<b:Title>Critical Approaches to Contract Law</b:Title>
		<b:Year>1983</b:Year>
		<b:Volume>30</b:Volume>
		<b:Issue>829</b:Issue>
		<b:JournalName>UCLA L Rev</b:JournalName>
		<b:Pages>849</b:Pages>
		<b:Author>
			<b:Author>
				<b:NameList>
					<b:Person>
						<b:Last>Feinman</b:Last>
						<b:Middle>M</b:Middle>
						<b:First>Jay</b:First>
					</b:Person>
				</b:NameList>
			</b:Author>
		</b:Author>
	</b:Source>
	<b:Source>
		<b:Tag>Had88</b:Tag>
		<b:SourceType>LegalJournalArticle</b:SourceType>
		<b:Guid>{9E243617-9D19-4D61-9B45-7A622D27C884}</b:Guid>
		<b:Author>
			<b:Author>
				<b:NameList>
					<b:Person>
						<b:Last>Hadfield</b:Last>
						<b:First>Gillian</b:First>
						<b:Middle>K</b:Middle>
					</b:Person>
				</b:NameList>
			</b:Author>
		</b:Author>
		<b:Title>An Expressive Theory of Contract: From Feminist Dilemmas to a Reconceptualization of Rantional Choice in Contract Law</b:Title>
		<b:Year>1988</b:Year>
		<b:Volume>146</b:Volume>
		<b:Issue>1235</b:Issue>
		<b:JournalName>U Pa L Rev</b:JournalName>
		<b:Pages>1235</b:Pages>
	</b:Source>
	<b:Source>
		<b:Tag>Gol17</b:Tag>
		<b:SourceType>InternetSite</b:SourceType>
		<b:Guid>{0141F0C5-9CCA-44C7-8D29-020B4C8B1148}</b:Guid>
		<b:Title>The Midas Conundrum:  Why less can be more when it comes to intellectual property protection</b:Title>
		<b:Year>2017</b:Year>
		<b:Author>
			<b:Author>
				<b:NameList>
					<b:Person>
						<b:Last>Gold</b:Last>
						<b:First>Richard</b:First>
					</b:Person>
				</b:NameList>
			</b:Author>
		</b:Author>
		<b:Day>25</b:Day>
		<b:Month>April</b:Month>
		<b:InternetSiteTitle>Centre for International Governance Innovation</b:InternetSiteTitle>
		<b:URL>www.cigionline.org/articles/midas-conundrum</b:URL>
		<b:ArchivedURL>perma.cc/XAP7-VWDR</b:ArchivedURL>
	</b:Source>
	<b:Source>
		<b:Tag>Daf13</b:Tag>
		<b:SourceType>ElectronicSource</b:SourceType>
		<b:Guid>{091466FE-7602-46D4-90B1-5FEEA5A2C207}</b:Guid>
		<b:Title>L'économie politique et la gestion territoriale des services environnementaux</b:Title>
		<b:Year>2013</b:Year>
		<b:InternetSiteTitle>Université de Fribourg</b:InternetSiteTitle>
		<b:URL>www.unifr.ch</b:URL>
		<b:ArchivedURL>perma.cc/2V4H-CWAU</b:ArchivedURL>
		<b:Author>
			<b:Author>
				<b:NameList>
					<b:Person>
						<b:Last>Dafflon</b:Last>
						<b:First>Bernard</b:First>
					</b:Person>
				</b:NameList>
			</b:Author>
		</b:Author>
		<b:MediaType>pdf</b:MediaType>
	</b:Source>
	<b:Source>
		<b:Tag>Oba17</b:Tag>
		<b:SourceType>SocialMedia</b:SourceType>
		<b:Guid>{A3845E59-949B-43EC-8BFF-6CED4F96B33D}</b:Guid>
		<b:Title>When I left office, I told you all that the single most importat thing ...</b:Title>
		<b:Day>5</b:Day>
		<b:Month>October</b:Month>
		<b:Year>2017</b:Year>
		<b:MediaType>Facebook</b:MediaType>
		<b:InternetSiteTitle>Barack Obama</b:InternetSiteTitle>
		<b:URL>www.facebook.com/barackobama</b:URL>
		<b:ArchivedURL>perma.cc/9LXB-7URP</b:ArchivedURL>
		<b:Author>
			<b:Author>
				<b:NameList>
					<b:Person>
						<b:Last>Obama</b:Last>
						<b:First>Barack</b:First>
					</b:Person>
				</b:NameList>
			</b:Author>
		</b:Author>
	</b:Source>
	<b:Source>
		<b:Tag>Chi05</b:Tag>
		<b:SourceType>ArticleInAPeriodical</b:SourceType>
		<b:Guid>{20264F73-E965-4CF3-A105-8BFCF42A302D}</b:Guid>
		<b:Title>Race, the War on Drugs and Collateral Consequences of Criminal Conviction</b:Title>
		<b:Year>2005</b:Year>
		<b:Author>
			<b:Author>
				<b:NameList>
					<b:Person>
						<b:Last>Chin</b:Last>
						<b:First>Gabriel</b:First>
						<b:Middle>J</b:Middle>
					</b:Person>
				</b:NameList>
			</b:Author>
			<b:Editor>
				<b:NameList>
					<b:Person>
						<b:Last>Mele</b:Last>
						<b:First>Christopher</b:First>
					</b:Person>
					<b:Person>
						<b:Last>Miller</b:Last>
						<b:Middle>A</b:Middle>
						<b:First>Teresa</b:First>
					</b:Person>
				</b:NameList>
			</b:Editor>
		</b:Author>
		<b:PeriodicalTitle>Civil Penalties, Social Consequences</b:PeriodicalTitle>
		<b:City>New York</b:City>
		<b:Pages>43</b:Pages>
		<b:RefOrder>1</b:RefOrder>
		<b:Publisher>Routledge</b:Publisher>
	</b:Source>
	<b:Source>
		<b:Tag>Sky02</b:Tag>
		<b:SourceType>Patent</b:SourceType>
		<b:Guid>{7F1886BB-34AB-444B-A542-8B8FC83D9607}</b:Guid>
		<b:Title>SkyDome Act (Bus Parking)</b:Title>
		<b:Year>2002</b:Year>
		<b:Chapter>c 8</b:Chapter>
		<b:Jurisdiction>SO</b:Jurisdiction>
		<b:OtherElements>Schedule K</b:OtherElements>
		<b:RefOrder>7</b:RefOrder>
	</b:Source>
	<b:Source>
		<b:Tag>Vio01</b:Tag>
		<b:SourceType>Patent</b:SourceType>
		<b:Guid>{210B288E-5331-47BA-B54B-48D9A0CB20A1}</b:Guid>
		<b:Title>Violin Soulder Cradle</b:Title>
		<b:CountryRegion>Can</b:CountryRegion>
		<b:PatentNumber>2414383</b:PatentNumber>
		<b:PCTPatentNumber>PCT/US2001/021243</b:PCTPatentNumber>
		<b:Year>2001</b:Year>
		<b:Month>June</b:Month>
		<b:Day>29</b:Day>
	</b:Source>
	<b:Source>
		<b:Tag>Par00</b:Tag>
		<b:SourceType>Patent</b:SourceType>
		<b:Guid>{D83548DB-E240-4236-A87F-E39C8CF1064C}</b:Guid>
		<b:Title>Parallel network processor array</b:Title>
		<b:CountryRegion>US</b:CountryRegion>
		<b:PatentNumber>6854117</b:PatentNumber>
		<b:Year>2000</b:Year>
		<b:Month>October</b:Month>
		<b:Day>31</b:Day>
	</b:Source>
	<b:Source>
		<b:Tag>Kel94</b:Tag>
		<b:SourceType>Trademark</b:SourceType>
		<b:Guid>{3AB77304-23E4-43D8-BAA2-9774BDBEFD13}</b:Guid>
		<b:Title>Kellogg's Cinnamon Mini Buns à la Cannelle</b:Title>
		<b:CountryRegion>Can</b:CountryRegion>
		<b:Year>1994</b:Year>
		<b:Month>March</b:Month>
		<b:Day>4</b:Day>
		<b:Author>
			<b:Author>
				<b:NameList>
					<b:Person>
						<b:Last>Company</b:Last>
						<b:First>Kellogg</b:First>
					</b:Person>
				</b:NameList>
			</b:Author>
		</b:Author>
		<b:RegistrationNumber>TMA424258</b:RegistrationNumber>
		<b:Status>expunged</b:Status>
	</b:Source>
	<b:Source>
		<b:Tag>War06</b:Tag>
		<b:SourceType>Copyright</b:SourceType>
		<b:Guid>{91F492FF-2651-49EB-9EBE-D6758FB4D3D3}</b:Guid>
		<b:Title>Feel Happy</b:Title>
		<b:CountryRegion>Can</b:CountryRegion>
		<b:RegistrationNumber>1035760</b:RegistrationNumber>
		<b:Status>registered</b:Status>
		<b:Year>2006</b:Year>
		<b:Month>February</b:Month>
		<b:Day>24</b:Day>
		<b:Author>
			<b:Author>
				<b:NameList>
					<b:Person>
						<b:Last>Canada</b:Last>
						<b:First>Warner</b:First>
						<b:Middle>Music</b:Middle>
					</b:Person>
				</b:NameList>
			</b:Author>
		</b:Author>
		<b:Type>sound recording</b:Type>
	</b:Source>
	<b:Source>
		<b:Tag>Job13</b:Tag>
		<b:SourceType>Book</b:SourceType>
		<b:Guid>{2B84359B-0CA7-4238-87DE-8BD0C52558A1}</b:Guid>
		<b:Title>Les obligations</b:Title>
		<b:Year>2013</b:Year>
		<b:City>Conwansville</b:City>
		<b:Publisher>Yvon Blais</b:Publisher>
		<b:Edition>7th</b:Edition>
		<b:Author>
			<b:Author>
				<b:NameList>
					<b:Person>
						<b:Last>Jobin</b:Last>
						<b:First>Pierre-Gabriel</b:First>
					</b:Person>
					<b:Person>
						<b:Last>Vézina</b:Last>
						<b:First>Nathalie</b:First>
					</b:Person>
					<b:Person>
						<b:Last>Bakan</b:Last>
						<b:First>Joel</b:First>
					</b:Person>
				</b:NameList>
			</b:Author>
		</b:Author>
		<b:StateProvince>Que</b:StateProvince>
		<b:RefOrder>11</b:RefOrder>
	</b:Source>
</b:Sources>
